<shortcuts>
	<shortcut>
		<defaultID />
		<label>Telecharger</label>
		<label2>Elément personnalisé</label2>
		<icon>DefaultShortcut.png</icon>
		<thumb>special://skin/extras/icons/download.png</thumb>
		<action>RunScript(special://home/userdata/addon_data/Scripts/addon_maj.py)</action>
		</shortcut>
	<shortcut>
		<defaultID />
		<label>Addon Skin</label>
		<label2>Elément personnalisé</label2>
		<icon>DefaultShortcut.png</icon>
		<thumb>special://skin/extras/icons/filebox.png</thumb>
		<action>ActivateWindow(Programs,"plugin://plugin.program.skinrayflix",return)</action>
		</shortcut>
	<shortcut>
		<defaultID>plugin.program.preniumuptobox</defaultID>
		<label>Prenium Uptobox</label>
		<label2>Programme</label2>
		<icon>DefaultShortcut.png</icon>
		<thumb>special://skin/extras/icons/wand.png</thumb>
		<action>ActivateWindow(Programs,"plugin://plugin.program.preniumuptobox",return)</action>
		</shortcut>
	<shortcut>
		<defaultID />
		<label>sauvegarde restauration</label>
		<label2>Elément personnalisé</label2>
		<icon>DefaultShortcut.png</icon>
		<thumb>special://skin/extras/icons/wizard.png</thumb>
		<action>ActivateWindow(Programs,"plugin://plugin.program.saverayflix",return)</action>
		</shortcut>
	</shortcuts>
